{"cameraMode":{"drawMode":0,"name":"Shaded","section":"Shading Mode"},"sceneLighting":false,"audioPlay":false,"sceneViewState":{"m_AlwaysRefresh":false,"showFog":true,"showSkybox":false,"showFlares":true,"showImageEffects":true,"showParticleSystems":true,"showVisualEffectGraphs":true,"m_FxEnabled":true},"in2DMode":false,"pivot":{"x":24.555070877075197,"y":5.152593612670898,"z":5.639118671417236},"rotation":{"x":0.30158892273902895,"y":-0.022918187081813813,"z":0.007080436684191227,"w":0.9535786509513855},"size":3.2872040271759035,"orthographic":false}